pango_lineage,species,genus,family
B.1.1.7,Severe acute respiratory syndrome-related coronavirus,Betacoronavirus,Coronaviridae
B.1.1.7,Severe acute respiratory syndrome-related coronavirus,Betacoronavirus,Coronaviridae
B.1.1.7,Severe acute respiratory syndrome-related coronavirus,Betacoronavirus,Coronaviridae
B.1.1.7,Severe acute respiratory syndrome-related coronavirus,Betacoronavirus,Coronaviridae
B.1.1.7,Severe acute respiratory syndrome-related coronavirus,Betacoronavirus,Coronaviridae
B.1.1.7,Severe acute respiratory syndrome-related coronavirus,Betacoronavirus,Coronaviridae
B.1.1.7,Severe acute respiratory syndrome-related coronavirus,Betacoronavirus,Coronaviridae
B.1.1.7,Severe acute respiratory syndrome-related coronavirus,Betacoronavirus,Coronaviridae
B.1.1.7,Severe acute respiratory syndrome-related coronavirus,Betacoronavirus,Coronaviridae
B.1.1.7,Severe acute respiratory syndrome-related coronavirus,Betacoronavirus,Coronaviridae
B.1.1.7,Severe acute respiratory syndrome-related coronavirus,Betacoronavirus,Coronaviridae
B.1.1.7,Severe acute respiratory syndrome-related coronavirus,Betacoronavirus,Coronaviridae
B.1.1.7,Severe acute respiratory syndrome-related coronavirus,Betacoronavirus,Coronaviridae
B.1.1.7,Severe acute respiratory syndrome-related coronavirus,Betacoronavirus,Coronaviridae
B.1.1.7,Severe acute respiratory syndrome-related coronavirus,Betacoronavirus,Coronaviridae
B.1.1.7,Severe acute respiratory syndrome-related coronavirus,Betacoronavirus,Coronaviridae
B.1.1.7,Severe acute respiratory syndrome-related coronavirus,Betacoronavirus,Coronaviridae
B.1.1.7,Severe acute respiratory syndrome-related coronavirus,Betacoronavirus,Coronaviridae
B.1.1.7,Severe acute respiratory syndrome-related coronavirus,Betacoronavirus,Coronaviridae
B.1.1.7,Severe acute respiratory syndrome-related coronavirus,Betacoronavirus,Coronaviridae
B.1.1.7,Severe acute respiratory syndrome-related coronavirus,Betacoronavirus,Coronaviridae
B.1.1.7,Severe acute respiratory syndrome-related coronavirus,Betacoronavirus,Coronaviridae
B.1.1.7,Severe acute respiratory syndrome-related coronavirus,Betacoronavirus,Coronaviridae
B.1.1.7,Severe acute respiratory syndrome-related coronavirus,Betacoronavirus,Coronaviridae
B.1.1.7,Severe acute respiratory syndrome-related coronavirus,Betacoronavirus,Coronaviridae
B.1.1.7,Severe acute respiratory syndrome-related coronavirus,Betacoronavirus,Coronaviridae
B.1.1.7,Severe acute respiratory syndrome-related coronavirus,Betacoronavirus,Coronaviridae
B.1.1.7,Severe acute respiratory syndrome-related coronavirus,Betacoronavirus,Coronaviridae
B.1.1.7,Severe acute respiratory syndrome-related coronavirus,Betacoronavirus,Coronaviridae
B.1.1.7,Severe acute respiratory syndrome-related coronavirus,Betacoronavirus,Coronaviridae
B.1.1.7,Severe acute respiratory syndrome-related coronavirus,Betacoronavirus,Coronaviridae
B.1.1.7,Severe acute respiratory syndrome-related coronavirus,Betacoronavirus,Coronaviridae
B.1.1.7,Severe acute respiratory syndrome-related coronavirus,Betacoronavirus,Coronaviridae
B.1.1.7,Severe acute respiratory syndrome-related coronavirus,Betacoronavirus,Coronaviridae
B.1.1.7,Severe acute respiratory syndrome-related coronavirus,Betacoronavirus,Coronaviridae
B.1.1.7,Severe acute respiratory syndrome-related coronavirus,Betacoronavirus,Coronaviridae
B.1.1.7,Severe acute respiratory syndrome-related coronavirus,Betacoronavirus,Coronaviridae
B.1.1.7,Severe acute respiratory syndrome-related coronavirus,Betacoronavirus,Coronaviridae
B.1.1.7,Severe acute respiratory syndrome-related coronavirus,Betacoronavirus,Coronaviridae
B.1.1.7,Severe acute respiratory syndrome-related coronavirus,Betacoronavirus,Coronaviridae
B.1.1.7,Severe acute respiratory syndrome-related coronavirus,Betacoronavirus,Coronaviridae
B.1.1.7,Severe acute respiratory syndrome-related coronavirus,Betacoronavirus,Coronaviridae
B.1.1.7,Severe acute respiratory syndrome-related coronavirus,Betacoronavirus,Coronaviridae
B.1.1.7,Severe acute respiratory syndrome-related coronavirus,Betacoronavirus,Coronaviridae
B.1.1.7,Severe acute respiratory syndrome-related coronavirus,Betacoronavirus,Coronaviridae
B.1.1.7,Severe acute respiratory syndrome-related coronavirus,Betacoronavirus,Coronaviridae
B.1.1.7,Severe acute respiratory syndrome-related coronavirus,Betacoronavirus,Coronaviridae
B.1.1.7,Severe acute respiratory syndrome-related coronavirus,Betacoronavirus,Coronaviridae
